"Player","State","Points","Pre_Rating","Avg_Opponent_Rating"
"1","ON",6,1794,1605
"2","MI",6,1553,1469
"3","MI",6,1384,1564
"4","MI",5.5,1716,1574
"5","MI",5.5,1655,1501
"6","OH",5,1686,1519
"7","MI",5,1649,1372
"8","MI",5,1641,1468
"9","ON",5,1411,1523
"10","MI",5,1365,1554
"11","MI",4.5,1712,1468
"12","MI",4.5,1663,1506
"13","MI",4.5,1666,1498
"14","MI",4.5,1610,1515
"15","MI",4.5,1220,1484
"16","MI",4,1604,1386
"17","MI",4,1629,1499
"18","MI",4,1600,1480
"19","MI",4,1564,1426
"20","MI",4,1595,1411
"21","ON",4,1563,1470
"22","MI",4,1555,1300
"23","ON",4,1363,1214
"24","MI",4,1229,1357
"25","MI",3.5,1745,1363
"26","ON",3.5,1579,1507
"27","MI",3.5,1552,1222
"28","MI",3.5,1507,1522
"29","MI",3.5,1602,1314
"30","ON",3.5,1522,1144
"31","MI",3.5,1494,1260
"32","ON",3.5,1441,1379
"33","MI",3.5,1449,1277
"34","MI",3.5,1399,1375
"35","MI",3.5,1438,1150
"36","MI",3.5,1355,1388
"37","MI",3.5,980,1385
"38","MI",3,1423,1539
"39","MI",3,1436,1430
"40","MI",3,1348,1391
"41","MI",3,1403,1248
"42","MI",3,1332,1150
"43","MI",3,1283,1107
"44","MI",3,1199,1327
"45","MI",3,1242,1152
"46","MI",3,377,1358
"47","MI",2.5,1362,1392
"48","MI",2.5,1382,1356
"49","MI",2.5,1291,1286
"50","MI",2.5,1056,1296
"51","MI",2.5,1011,1356
"52","MI",2.5,935,1495
"53","MI",2,1393,1345
"54","MI",2,1270,1206
"55","MI",2,1186,1406
"56","MI",2,1153,1414
"57","MI",2,1092,1363
"58","MI",2,917,1391
"59","MI",2,853,1319
"60","MI",1.5,967,1330
"61","ON",1.5,955,1327
"62","MI",1,1530,1186
"63","MI",1,1175,1350
"64","MI",1,1163,1263
